    {"Aleksandrów Kuj.": "Aleksandrów Kujawski",
    "Bakończyce": "Przemyśl Bakończyce",
    "Bakończyce - Przemyśl": "Przemyśl Bakończyce",
    "Berlin": "Berlin",
    "Biała Podlaksa": "Biała Podlaska",
    "Bielsko - Biała": "Bielsko-Biała Główna",
    "Bielsko Biała": "Bielsko-Biała Główna",
    "Bielsko Biała Główna": "Bielsko-Biała Główna",
    "Bielsko- Biała": "Bielsko-Biała Główna",
    "Bielsko- Biała Gł.": "Bielsko-Biała Główna",
    "Bielsko-Biala Główna": "Bielsko-Biała Główna",
    "Bielsko-Biała Gł.": "Bielsko-Biała Główna",
    "Bielsko-Białą": "Bielsko-Biała Główna",
    "Bocznica Grochów": "Warszawa Bocznica Grochów",
    "Brzesko Okocim": "Brzesko-Okocim",
    "Bydgoszcz Gł.": "Bydgoszcz Główna",
    "Bydgoszcz": "Bydgoszcz Główna",
    "Bydgoszcz Gł": "Bydgoszcz Główna",
    "Bydgoszcz  Gł": "Bydgoszcz Główna",
    "Bydgoszcz Główna": "Bydgoszcz Główna",
    "Bydoszcz Gł.": "Bydgoszcz Główna",
    "Czechowice Dziedzice": "Czechowice-Dziedzice",
    "Czechowice-Dzied.": "Czechowice-Dziedzice",
    "Częstochowa Str.": "Częstochowa Stradom",
    "Dąbrowa Białost.": "Dąbrowa Białostocka",
    "Frankfurt O": "Frankfurt",
    "Gdańsk Gł.": "Gdańsk Główny",
    "Gdynia": "Gdynia Główna",
    "Gdynia Gł.": "Gdynia Główna",
    "Gdynia Gł": "Gdynia Główna",
    "Gdynia  Leszczynki": "Gdynia Leszczynki",
    "Gorzów": "Gorzów Wielkopolski",
    "Gorzów Wlkp.": "Gorzów Wielkopolski",
    "Hrubieszów M.": "Hrubieszów Miasto",
    "Hrubieszów Miasto": "Hrubieszów Miasto",
    "Iława Gł.": "Iława Główna",
    "Jabłonowo Pom.": "Jabłonowo Pomorskie",
    "Jaworzno Szczak.": "Jaworzno Szczakowa",
    "Jelenia G.Ciepl.": "Jelenia Góra Cieplice",
    "Kalwaria Zeb.Lanc": "Kalwaria Zebrzydowska Lanckorona",
    "Kamieniec Ząbk.": "Kamieniec Ząbkowicki",
    "Kielce Główne": "Kielce Główne",
    "Kowalewo Pom.": "Kowalewo Pomorskie",
    "Krakó Gówny": "Kraków Główny",
    "Krakóe Główny": "Kraków Główny",
    "Kraków  Gł.": "Kraków Główny",
    "Kraków Gł.": "Kraków Główny",
    "Kraków Gówny": "Kraków Główny",
    "Kraków Gł": "Kraków Główny",
    "Kraków Główny": "Kraków Główny",
    "Kraków-Główny": "Kraków Główny",
    "Krakow Głowny": "Kraków Główny",
    "Krakow Główny": "Kraków Główny",
    "Krakó Gł.": "Kraków Główny",
    "Kraków": "Kraków Główny",
    "Kraków - Gł.": "Kraków Główny",
    "Kraków Glówny": "Kraków Główny",
    "Kraków Głowny": "Kraków Główny",
    "Kraków Główny": "Kraków Główny",
    "Laskowice Pom.": "Laskowice Pomorskie",
    "Lodz Kaliska": "Łódź Kaliska",
    "Lublin Gł.": "Lublin Główny",
    "Lublin Gł": "Lublin Główny",
    "Maków Podhal.": "Maków Podhalański",
    "Międzyrzec Podl.": "Międzyrzec Podlaski",
    "Międzyrzec Podlaski": "Międzyrzec Podlaski",
    "Mińsk Maz.": "Mińsk Mazowiecki",
    "Nakło N/Notecią": "Nakło nad Notecią",
    "Nowy Dwór Maz.": "Nowy Dwór Mazowiecki",
    "Oborniki W.Miasto": "Oborniki Wielkopolskie Miasto",
    "Oloszynka Grochowska": "Warszawa Olszynka Grochowska",
    "Olsztyn  Główny": "Olsztyn Główny",
    "Olsztyn": "Olsztyn Główny",
    "Olsztyn Gł": "Olsztyn Główny",
    "Olsztyn Gł.": "Olsztyn Główny",
    "Olsztyn Zach.": "Olsztyn Zachodni",
    "Olszyna Grochowska Plac Biurowy": "Warszawa Olszynka Grochowska",
    "Olszynka Grochoska Prac Biurowy": "Warszawa Olszynka Grochowska",
    "Olszynka Grochowska": "Warszaw Olszynka Grochowska",
    "Olszynka Grochowska Plac Biurowy": "Warszawa Olszynka Grochowska",
    "Olszynka Grochowska Prac Biurowy": "Warszawa Olszynka Grochowska",
    "Olszynka Grochowska Prac. Biurowy": "Warszawa Olszynka Grochowska",
    "Olszynka Grochowska Prac.Biurowy": "Warszawa Olszynka Grochowska",
    "Olszynka Grochowskla Prac.Biurowy": "Warszawa Olszynka Grochowska",
    "Opoczno Płd.": "Opoczno Południe",
    "Opole Gł.": "Opole Główne",
    "Ostrowiec Święt.": "Ostrowiec Świętokrzyski",
    "Ostrów Wlkp.": "Ostrów Wielkopolski",
    "Ożarów Maz.": "Ożarów Mazowiecki",
    "Piotrków Tryb.": "Piotrków Trybunalski",
    "Piotrkó Trybunalski": "Piotrków Trybunalski",
    "Piła Gł": "Piła Główna",
    "Piła Gł.": "Piła Główna",
    "Poznań": "Poznań Główny",
    "Poznań Gł.": "Poznań Główny",
    "Poznań Gł": "Poznań Główny",
    "Poznan": "Poznań Główny",
    "Poznań Górczyn": "Poznań Górczyn",
    "Prz": "Przemyśl Główny",
    "Przemysl-Bakończyce": "Przemyśl Bakończyce",
    "Przemyslgł.": "Przemyśl Główny",
    "Przemyśl Bakończyce": "Przemyśl Bakończyce",
    "Przemyśl Gł": "Przemyśl Główny",
    "Przemyśl Gł.": "Przemyśl Główny",
    "Przemyśl- Bakończyce": "Przemyśl Bakończyce",
    "Przemysl Bakończyce": "Przemyśl Bakończyce",
    "Przemysl Gł.": "Przemyśl Główny",
    "Przemyśl": "Przemyśl Główny",
    "Przemyśl - Bakończyce": "Przemyśl Bakończyce",
    "Przemyśl -Bakończyce": "Przemyśl Bakończyce",
    "Przemyśl Bakonczyce": "Przemyśl Bakończyce",
    "Przemyśl Bakończyce": "Przemyśl Bakończyce",
    "Przemyśl-Bakończyce": "Przemyśl Bakończyce",
    "Przemyśl-Bakończyce4": "Przemyśl Bakończyce",
    "Przemyśł -Bakończyce": "Przemyśl Bakończyce",
    "Przemyśł Bakończyce": "Przemyśl Bakończyce",
    "Przmyśl Bakończyce": "Przemyśl Bakończyce",
    "Przsemyśl Bakończyce": "Przemyśl Bakończyce",
    "Rogoźno Wlkp.": "Rogoźno Wielkopolskie",
    "Rudnik N/Sanem": "Rudnik nad Sanem",
    "Rzeszów": "Rzeszów Główny",
    "Sieradz_Kalisz": "Sieradz",
    "Sierpc": "Sierpc",
    "Skarżysko-Kamien.": "Skarżysko-Kamienna",
    "Solec K.": "Solec Kujawski",
    "Sosnowiec Gl": "Sosnowiec Główny",
    "Sosnowiec Gł.": "Sosnowiec Główny",
    "Sosnowiec Płd.": "Sosnowiec Południowy",
    "Stalowa Wola Rozw": "Stalowa Wola Rozwadów",
    "Starachowice Wsch": "Starachowice Wschodnie",
    "Stargard Szczeciński": "Stargard",
    "Sucha Besk. Zamek": "Sucha Beskidzka Zamek",
    "Szczecin": "Szczecin Główny",
    "Szczecin Gł": "Szczecin Główny",
    "Szczecin Gł.": "Szczecin Główny",
    "Szklarska Por.G.": "Szklarska Poręba Górna",
    "Szklarska Poręba": "Szklarska Poręba",
    "Sędziszów Młp.": "Sędziszów Małopolski",
    "Tomaszów Maz.": "Tomaszów Mazowiecki",
    "Toruń Gł.": "Toruń Główny",
    "Tory Postojowe": "Warszawa Grochów",
    "Tory Postojowe Warszawa Grochow": "Warszawa Grochów",
    "W-Wa Olszynka Grochowska": "Warszawa Olszynka Grochowska",
    "Warszaw Olszynka Grochowska": "Warszawa Olszynka Grochowska",
    "Warszawa": "Warszawa Centralna",
    "Warszawa  Olszynka Grochowska": "Warszawa Olszynka Grochowska",
    "Warszawa Bocznica Grochów": "Warszawa Grochów Bocznica",
    "Warszawa Grochow": "Warszawa Grochów",
    "W-Wa Olszynka Grochowska": "Warszawa Olszynka Grochowska",
    "Warszaw Olszynka Grochowska": "Warszawa Olszynka Grochowska",
    "Warszawa  Olszynka Grochowska": "Warszawa Olszynka Grochowska",
    "Warszawa Olszynka  Grochowska": "Warszawa Olszynka Grochowska",
    "Warszawa Olszynka Grchowska": "Warszawa Olszynka Grochowska",
    "Warszawa Olszynka Grochowska (Pracownik Biurowy)": "Warszawa Olszynka Grochowska",
    "Warszawa Olszynka Grochowska -Pracownik Biurowy": "Warszawa Olszynka Grochowska",
    "Warszawa Olszynka Grochowska Grc": "Warszawa Olszynka Grochowska",
    "Warszawa Olszynka Grochowska Prac. Biurowy": "Warszawa Olszynka Grochowska",
    "Warszawa Olszynka Grochowska--Pracownik Biurowy": "Warszawa Olszynka Grochowska",
    "Warszawa Olszynka Grochowska-Pracownik Biurowy": "Warszawa Olszynka Grochowska",
    "Warszawa Olszynkia Grochowska": "Warszawa Olszynka Grochowska",
    "Warszawa Służ.": "Warszawa Służewiec",
    "Warszawa Wsch": "Warszawa Wschodnia",
    "Warszawa Wsch.": "Warszawa Wschodnia",
    "Warszawa Zzach.": "Warszawa Zachodnia",
    "Warszawa Centr.": "Warszawa Centralna",
    "Warszawa Gd.": "Warszawa Gdańska",
    "Warszawa Grochów Bocznica": "Warszawa Grochów",
    "Warszawa Zach.": "Warszawa Zachodnia",
    "Wałbrzych Gł.": "Wałbrzych Główny",
    "Weocław": "Wrocław Główny",
    "Wrocław": "Wrocław Główny",
    "Wrocłąw": "Wrocław Główny",
    "Wrocław Gł.": "Wrocław Główny",
    "Wisła Uzdr.": "Wisła Uzdrowisko",
    "Wodzisław Śl.": "Wodzisław Śląski",
    "Wrocław Gł- Białystok": "Wrocław Główny",
    "Włoszczowa Płn.": "Włoszczowa Północ",
    "Zielona Góra": "Zielona Góra Główna",
    "Zielona Góra Gł.": "Zielona Góra Główna",
    "Łowicz Gł": "Łowicz Główny",
    "Łowicz Gł.": "Łowicz Główny",
    "Łupków": "Łupków",
    "Łódz Kaliska": "Łódź Kaliska",
    "Łódź": "Łódź Widzew",
    "Łódź Kalisaka Tory Postojowe": "Łódź Kaliska",
    "Łódż": "Łódź Widzew",
    "Łódz Fabryczna": "Łódź Fabryczna",
    "Łódż Fabryczna": "Łódź Fabryczna",
    "Środa Wlkp.": "Środa Wielkopolska"}
